Zone,Point Name,Floor,Inspection Type
dry1-2,dry-leaked-14,1st_floor,Leakage
dry1-2,dry-thermal-37,1st_floor,Thermal
dry1-2,dry-vibration-29,1st_floor,Vibration
dry1-2,dry-thermal-38,1st_floor,Thermal
dry1-2,dry-leaked-15,1st_floor,Leakage
dry1-2,dry-vibration-30,1st_floor,Vibration
dry1-2,dry-vibration-31,1st_floor,Vibration
dry1-2,dry-leaked-16,1st_floor,Leakage
dry1-2,dry-thermal-39,1st_floor,Thermal
dry1-2,dry-thermal-40,1st_floor,Thermal
dry1-2,dry-leaked-17,1st_floor,Leakage
dry1-2,dry-vibration-32,1st_floor,Vibration
dry1-2,dry-leaked-18,1st_floor,Leakage
dry1-2,dry-vibration-33-low,1st_floor,Vibration
dry1-2,dry-thermal-41,1st_floor,Thermal
dry1-2,dry-leaked-19,1st_floor,Leakage
dry1-2,dry-leaked-20-low,1st_floor,Leakage
dry1-2,dry-leaked-21,1st_floor,Leakage
dry1-2,dry-leaked-22,1st_floor,Leakage
dry1-2,dry-leaked-23,1st_floor,Leakage
dry1-2,dry-vibration-34-low,1st_floor,Vibration
dry1-2,dry-leaked-24-low,1st_floor,Leakage
dry1-2,dry-thermal-42,1st_floor,Thermal
dry3,dry-loto-06,1st_floor,LOTO
dry1-2,dry-vibration-35,1st_floor,Vibration
dry1-2,dry-leaked-25,1st_floor,Leakage
dry1-2,dry-leaked-26,1st_floor,Leakage
dry1-2,dry-thermal-43,1st_floor,Thermal
dry1-2,dry-vibration-36-low,1st_floor,Vibration
dry1-2,dry-vibration-37,1st_floor,Vibration
dry3,dry3-leaked-27,1st_floor,Leakage
dry3,dry3-leaked-28,1st_floor,Leakage
dry3,dry3-leaked-29,1st_floor,Leakage
dry3,dry3-leaked-30,1st_floor,Leakage
dry3,dry3-leaked-31,1st_floor,Leakage
dry3,dry3-vibration-38-low,1st_floor,Vibration
dry3,dry3-thermal-44,1st_floor,Thermal
dry3,dry3-leaked-32,1st_floor,Leakage
dry3,dry3-leaked-33,1st_floor,Leakage
dry3,dry3-leaked-34,1st_floor,Leakage
dry3,dry3-leaked-35,1st_floor,Leakage
dry3,dry3-leaked-36,1st_floor,Leakage
dry3,dry3-gauge-01,1st_floor,Gauge
dry3,dry3-gauge-02,1st_floor,Gauge
dry3,dry3-gauge-03,1st_floor,Gauge
dry3,dry3-loto-07,1st_floor,LOTO
dry3,dry3-asset-11,1st_floor,Asset
dry3,dry3-gauge-04,1st_floor,Gauge
dry3,dry3-vibration-39-low,1st_floor,Vibration
dry3,dry3-thermal-45,1st_floor,Thermal
dry3,dry3-vibration-40-low,1st_floor,Vibration
dry3,dry3-thermal-46,1st_floor,Thermal
dry3,dry3-vibration-41-low,1st_floor,Vibration
dry3,dry3-thermal-47,1st_floor,Thermal
dry3,dry3-loto-08,1st_floor,LOTO
dry3,dry3-loto-09,1st_floor,LOTO
dry3,dry3-loto-10,1st_floor,LOTO
dry3,dry3-loto-11,1st_floor,LOTO
dry3,dry3-leaked-37,1st_floor,Leakage
dry3,dry3-gauge-05,1st_floor,Gauge
dry3,dry3-gauge-06,1st_floor,Gauge
dry3,dry3-gauge-07,1st_floor,Gauge
dry3,dry3-leaked-38,1st_floor,Leakage
dry3,dry3-gauge-08,1st_floor,Gauge
dry3,dry3-loto-12,1st_floor,LOTO
dry3,dry3-loto-13,1st_floor,LOTO
dry1-2,dry1-2-leaked-39,1st_floor,Leakage
dry1-2,dry1-2-gauge-09,1st_floor,Gauge
dry1-2,dry1-2-gauge-10,1st_floor,Gauge
dry1-2,dry1-2-leaked-40,1st_floor,Leakage
dry1-2,dry1-2-thermal-48,1st_floor,Thermal
dry1-2,dry1-2-thermal-49,1st_floor,Thermal
dry1-2,dry1-2-thermal-50,1st_floor,Thermal
dry1-2,dry1-2-thermal-51,1st_floor,Thermal
dry1-2,dry1-2-thermal-52,1st_floor,Thermal
dry1-2,dry1-2-thermal-53,1st_floor,Thermal
dry1-2,dry1-2-loto-14,1st_floor,LOTO
dry3,dry3-vibration-42,1st_floor,Vibration
dry3,dry3-thermal-54,1st_floor,Thermal
dry3,dry3-thermal-55,1st_floor,Thermal
dry3,dry3-vibration-43,1st_floor,Vibration
dry3,dry3-vibration-44,1st_floor,Vibration
dry3,dry3-thermal-56,1st_floor,Thermal
dry3,dry3-thermal-57,1st_floor,Thermal
dry3,dry3-thermal-58,1st_floor,Thermal
dry3,dry3-vibration-45,1st_floor,Vibration
dry3,dry3-gauge-11,1st_floor,Gauge
dry3,dry3-leaked-41,1st_floor,Leakage
dry3,dry3-vibration-46,1st_floor,Vibration
dry3,dry3-vibration-47,1st_floor,Vibration
dry3,dry3-vibration-48,1st_floor,Vibration
dry3,dry3-leaked-42,1st_floor,Leakage
dry3,dry3-gauge-12,1st_floor,Gauge
dry3,dry3-vibration-49,1st_floor,Vibration
dry3,dry3-leaked-43,1st_floor,Leakage
dry3,dry3-vibration-50,2nd_floor,Vibration
dry3,dry3-leaked-44,2nd_floor,Leakage
dry3,dry3-leaked-45-low,2nd_floor,Leakage
dry3,dry3-gauge-13,2nd_floor,Gauge
dry3,dry3-vibration-51,2nd_floor,Vibration
dry3,dry3-leaked-46,2nd_floor,Leakage
dry3,dry3-leaked-47,2nd_floor,Leakage
dry3,dry3-vibration-52,2nd_floor,Vibration
dry3,dry3-vibration-53,2nd_floor,Vibration
dry3,dry3-leaked-48,2nd_floor,Leakage
dry3,dry3-thermal-59,2nd_floor,Thermal
dry3,dry3-thermal-60,2nd_floor,Thermal
dry3,dry3-loto-15,2nd_floor,LOTO
dry3,dry3-loto-16,2nd_floor,LOTO
dry3,dry3-thermal-61,2nd_floor,Thermal
dry3,dry3-thermal-62,2nd_floor,Thermal
dry3,dry3-leaked-49,2nd_floor,Leakage
dry3,dry3-vibration-54,2nd_floor,Vibration
dry3,dry3-vibration-55,2nd_floor,Vibration
dry3,dry3-leaked-50,2nd_floor,Leakage
dry3,dry3-thermal-63,2nd_floor,Thermal
dry3,dry3-vibration-56,2nd_floor,Vibration
dry3,dry3-leaked-51,2nd_floor,Leakage
dry3,dry3-vibration-57-mi26,2nd_floor,Vibration
dry3,dry3-leaked-52-mi26,2nd_floor,Leakage
dry3,dry3-leaked-53-low,2nd_floor,Leakage
dry3,dry3-gauge-14,2nd_floor,Gauge
dry3,dry3-vibration-58-mi47,2nd_floor,Vibration
dry3,dry3-leaked-54-mi47,2nd_floor,Leakage
dry3,dry3-leaked-55-mi25,2nd_floor,Leakage
dry3,dry3-vibration-59-mi25,2nd_floor,Vibration
dry3,dry3-vibration-60-mi27,2nd_floor,Vibration
dry3,dry3-leaked-56-mi27,2nd_floor,Leakage
dry3,dry3-leaked-57-mi45,2nd_floor,Leakage
dry3,dry3-vibration-61-mi45,2nd_floor,Vibration
dry3,dry3-leaked-58,2nd_floor,Leakage
dry3,dry3-gauge-15,2nd_floor,Gauge
dry3,dry3-leaked-59-mi23,2nd_floor,Leakage
dry3,dry3-vibration-62-mi23,2nd_floor,Vibration
dry3,dry3-thermal-64-mi25,2nd_floor,Thermal
dry3,dry3-vibration-63-mi24,2nd_floor,Vibration
dry3,dry3-leaked-60-mi24,2nd_floor,Leakage
dry3,dry3-leaked-61-mi31,2nd_floor,Leakage
dry3,dry3-vibration-64-mi31,2nd_floor,Vibration
dry3,dry3-vibration-65-mi32,2nd_floor,Vibration
dry3,dry3-leaked-62-mi32,2nd_floor,Leakage
dry3,dry3-leaked-63-low,2nd_floor,Leakage
dry3,dry3-gauge-16,2nd_floor,Gauge
dry3,dry3-thermal-65-mi23,2nd_floor,Thermal
dry3,dry3-thermal-66-mi24,2nd_floor,Thermal
dry3,dry3-thermal-67-mi32,2nd_floor,Thermal
dry3,dry3-thermal-68-mi31,2nd_floor,Thermal
dry3,dry3-vibration-66-MI34,2nd_floor,Vibration
dry3,dry3-thermal-69-MI34,2nd_floor,Thermal
dry3,dry3-leaked-64-MI34,2nd_floor,Leakage
dry3,dry3-leaked-65-MI34-33,2nd_floor,Leakage
dry3,dry3-leaked-66-MI33,2nd_floor,Leakage
dry3,dry3-vibration-67-MI33,2nd_floor,Vibration
dry3,dry3-thermal-70-MI33,2nd_floor,Thermal
dry3,dry3-loto-17-MI34,2nd_floor,LOTO
dry3,dry3-thermal-71-MI26,2nd_floor,Thermal
dry3,dry3-thermal-72-MI46,2nd_floor,Thermal
dry3,dry3-thermal-73-MI44,2nd_floor,Thermal
dry3,dry3-thermal-74-MI43,2nd_floor,Thermal
dry3,dry3-thermal-75-MI42,2nd_floor,Thermal
dry3,dry3-thermal-76-MI39,2nd_floor,Thermal
