id,mission_id,inspection_index,action_name,result,files,notification_level,timestamp
1023,332,30,thermal-45,"{'max_temperature': 36.2, 'min_temperature': 35.7}","[{'file_url': '/media/2026-04-24/332/2026-04-24_332_30_thermal-45_raw_rgb_image.jpg', 'file_type': 'image'}, {'file_url': '/media/2026-04-24/332/2026-04-24_332_30_thermal-45_thermal_map.jpg', 'file_type': 'image'}]",pass,2026-04-24 14:13:27
1024,332,31,thermal-46,"{'max_temperature': 35.8, 'min_temperature': 35.3}","[{'file_url': '/media/2026-04-24/332/2026-04-24_332_31_thermal-46_raw_rgb_image.jpg', 'file_type': 'image'}, {'file_url': '/media/2026-04-24/332/2026-04-24_332_31_thermal-46_thermal_map.jpg', 'file_type': 'image'}]",pass,2026-04-24 14:14:06
1025,332,32,gauge-1,{'detection_status': False},"[{'file_url': '/media/2026-04-24/332/2026-04-24_332_32_gauge-1_preprocessed_rgb_image.jpg', 'file_type': 'image'}, {'file_url': '/media/2026-04-24/332/2026-04-24_332_32_gauge-1_processed_rgb_image.jpg', 'file_type': 'image'}]",critical,2026-04-24 14:14:35
1026,332,33,gauge-2,{'detection_status': False},"[{'file_url': '/media/2026-04-24/332/2026-04-24_332_33_gauge-2_preprocessed_rgb_image.jpg', 'file_type': 'image'}, {'file_url': '/media/2026-04-24/332/2026-04-24_332_33_gauge-2_processed_rgb_image.jpg', 'file_type': 'image'}]",critical,2026-04-24 14:14:56
1027,332,34,leakage-24,{'is_leak': False},"[{'file_url': '/media/2026-04-24/332/2026-04-24_332_34_leakage-24_spect_video.mp4', 'file_type': 'video'}, {'file_url': '/media/2026-04-24/332/2026-04-24_332_34_leakage-24_sound_wav.wav', 'file_type': 'audio'}, {'file_url': '/media/2026-04-24/332/2026-04-24_332_34_leakage-24_voiceprint_photo.jpg', 'file_type': 'image'}, {'file_url': '/media/2026-04-24/332/2026-04-24_332_34_leakage-24_spect_photo.jpg', 'file_type': 'image'}, {'file_url': '/media/2026-04-24/332/2026-04-24_332_34_leakage-24_soundmap_photo.jpg', 'file_type': 'image'}, {'file_url': '/media/2026-04-24/332/2026-04-24_332_34_leakage-24_soundmap_video.mp4', 'file_type': 'video'}, {'file_url': '/media/2026-04-24/332/2026-04-24_332_34_leakage-24_voiceprint_video.mp4', 'file_type': 'video'}]",pass,2026-04-24 14:15:29
1028,332,35,thermal-47,"{'max_temperature': 36.5, 'min_temperature': 36.0}","[{'file_url': '/media/2026-04-24/332/2026-04-24_332_35_thermal-47_raw_rgb_image.jpg', 'file_type': 'image'}, {'file_url': '/media/2026-04-24/332/2026-04-24_332_35_thermal-47_thermal_map.jpg', 'file_type': 'image'}]",pass,2026-04-24 14:15:50
1029,332,36,thermal-48,"{'max_temperature': 36.2, 'min_temperature': 35.0}","[{'file_url': '/media/2026-04-24/332/2026-04-24_332_36_thermal-48_raw_rgb_image.jpg', 'file_type': 'image'}, {'file_url': '/media/2026-04-24/332/2026-04-24_332_36_thermal-48_thermal_map.jpg', 'file_type': 'image'}]",pass,2026-04-24 14:16:26
1030,332,37,thermal-49,"{'max_temperature': 36.2, 'min_temperature': 35.7}","[{'file_url': '/media/2026-04-24/332/2026-04-24_332_37_thermal-49_raw_rgb_image.jpg', 'file_type': 'image'}, {'file_url': '/media/2026-04-24/332/2026-04-24_332_37_thermal-49_thermal_map.jpg', 'file_type': 'image'}]",pass,2026-04-24 14:16:50
1031,332,38,leakage-25,{'is_leak': False},"[{'file_url': '/media/2026-04-24/332/2026-04-24_332_38_leakage-25_spect_video.mp4', 'file_type': 'video'}, {'file_url': '/media/2026-04-24/332/2026-04-24_332_38_leakage-25_sound_wav.wav', 'file_type': 'audio'}, {'file_url': '/media/2026-04-24/332/2026-04-24_332_38_leakage-25_voiceprint_photo.jpg', 'file_type': 'image'}, {'file_url': '/media/2026-04-24/332/2026-04-24_332_38_leakage-25_spect_photo.jpg', 'file_type': 'image'}, {'file_url': '/media/2026-04-24/332/2026-04-24_332_38_leakage-25_soundmap_photo.jpg', 'file_type': 'image'}, {'file_url': '/media/2026-04-24/332/2026-04-24_332_38_leakage-25_soundmap_video.mp4', 'file_type': 'video'}, {'file_url': '/media/2026-04-24/332/2026-04-24_332_38_leakage-25_voiceprint_video.mp4', 'file_type': 'video'}]",pass,2026-04-24 14:17:34
1032,332,40,thermal-51,"{'max_temperature': 39.2, 'min_temperature': 36.4}","[{'file_url': '/media/2026-04-24/332/2026-04-24_332_40_thermal-51_raw_rgb_image.jpg', 'file_type': 'image'}, {'file_url': '/media/2026-04-24/332/2026-04-24_332_40_thermal-51_thermal_map.jpg', 'file_type': 'image'}]",pass,2026-04-24 14:18:28
1033,332,51,thermal-37,"{'max_temperature': 43.3, 'min_temperature': 37.7}","[{'file_url': '/media/2026-04-24/332/2026-04-24_332_51_thermal-37_raw_rgb_image.jpg', 'file_type': 'image'}, {'file_url': '/media/2026-04-24/332/2026-04-24_332_51_thermal-37_thermal_map.jpg', 'file_type': 'image'}]",pass,2026-04-24 14:21:18
1034,332,52,leakage-14,{'is_leak': False},"[{'file_url': '/media/2026-04-24/332/2026-04-24_332_52_leakage-14_spect_video.mp4', 'file_type': 'video'}, {'file_url': '/media/2026-04-24/332/2026-04-24_332_52_leakage-14_sound_wav.wav', 'file_type': 'audio'}, {'file_url': '/media/2026-04-24/332/2026-04-24_332_52_leakage-14_voiceprint_photo.jpg', 'file_type': 'image'}, {'file_url': '/media/2026-04-24/332/2026-04-24_332_52_leakage-14_spect_photo.jpg', 'file_type': 'image'}, {'file_url': '/media/2026-04-24/332/2026-04-24_332_52_leakage-14_soundmap_photo.jpg', 'file_type': 'image'}, {'file_url': '/media/2026-04-24/332/2026-04-24_332_52_leakage-14_soundmap_video.mp4', 'file_type': 'video'}, {'file_url': '/media/2026-04-24/332/2026-04-24_332_52_leakage-14_voiceprint_video.mp4', 'file_type': 'video'}]",pass,2026-04-24 14:21:53
1035,332,53,thermal-38,"{'max_temperature': 37.4, 'min_temperature': 35.5}","[{'file_url': '/media/2026-04-24/332/2026-04-24_332_53_thermal-38_raw_rgb_image.jpg', 'file_type': 'image'}, {'file_url': '/media/2026-04-24/332/2026-04-24_332_53_thermal-38_thermal_map.jpg', 'file_type': 'image'}]",pass,2026-04-24 14:22:18
1036,332,54,leakage-15,{'is_leak': False},"[{'file_url': '/media/2026-04-24/332/2026-04-24_332_54_leakage-15_spect_video.mp4', 'file_type': 'video'}, {'file_url': '/media/2026-04-24/332/2026-04-24_332_54_leakage-15_sound_wav.wav', 'file_type': 'audio'}, {'file_url': '/media/2026-04-24/332/2026-04-24_332_54_leakage-15_voiceprint_photo.jpg', 'file_type': 'image'}, {'file_url': '/media/2026-04-24/332/2026-04-24_332_54_leakage-15_spect_photo.jpg', 'file_type': 'image'}, {'file_url': '/media/2026-04-24/332/2026-04-24_332_54_leakage-15_soundmap_photo.jpg', 'file_type': 'image'}, {'file_url': '/media/2026-04-24/332/2026-04-24_332_54_leakage-15_soundmap_video.mp4', 'file_type': 'video'}, {'file_url': '/media/2026-04-24/332/2026-04-24_332_54_leakage-15_voiceprint_video.mp4', 'file_type': 'video'}]",pass,2026-04-24 14:22:57
1037,332,55,vibration-29,"{'kurtosis': 2.95, 'peak_factor': 3.74}","[{'file_url': '/media/2026-04-24/332/2026-04-24_332_55_vibration-29_spect_video.mp4', 'file_type': 'video'}, {'file_url': '/media/2026-04-24/332/2026-04-24_332_55_vibration-29_sound_wav.wav', 'file_type': 'audio'}, {'file_url': '/media/2026-04-24/332/2026-04-24_332_55_vibration-29_voiceprint_photo.jpg', 'file_type': 'image'}, {'file_url': '/media/2026-04-24/332/2026-04-24_332_55_vibration-29_spect_photo.jpg', 'file_type': 'image'}, {'file_url': '/media/2026-04-24/332/2026-04-24_332_55_vibration-29_soundmap_photo.jpg', 'file_type': 'image'}, {'file_url': '/media/2026-04-24/332/2026-04-24_332_55_vibration-29_soundmap_video.mp4', 'file_type': 'video'}, {'file_url': '/media/2026-04-24/332/2026-04-24_332_55_vibration-29_voiceprint_video.mp4', 'file_type': 'video'}]",pass,2026-04-24 14:23:22
1038,332,56,vibration-30,"{'kurtosis': 2.93, 'peak_factor': 3.66}","[{'file_url': '/media/2026-04-24/332/2026-04-24_332_56_vibration-30_spect_video.mp4', 'file_type': 'video'}, {'file_url': '/media/2026-04-24/332/2026-04-24_332_56_vibration-30_sound_wav.wav', 'file_type': 'audio'}, {'file_url': '/media/2026-04-24/332/2026-04-24_332_56_vibration-30_voiceprint_photo.jpg', 'file_type': 'image'}, {'file_url': '/media/2026-04-24/332/2026-04-24_332_56_vibration-30_spect_photo.jpg', 'file_type': 'image'}, {'file_url': '/media/2026-04-24/332/2026-04-24_332_56_vibration-30_soundmap_photo.jpg', 'file_type': 'image'}, {'file_url': '/media/2026-04-24/332/2026-04-24_332_56_vibration-30_soundmap_video.mp4', 'file_type': 'video'}, {'file_url': '/media/2026-04-24/332/2026-04-24_332_56_vibration-30_voiceprint_video.mp4', 'file_type': 'video'}]",pass,2026-04-24 14:23:55
1039,332,58,vibration-31,"{'kurtosis': 3.16, 'peak_factor': 4.2}","[{'file_url': '/media/2026-04-24/332/2026-04-24_332_58_vibration-31_spect_video.mp4', 'file_type': 'video'}, {'file_url': '/media/2026-04-24/332/2026-04-24_332_58_vibration-31_sound_wav.wav', 'file_type': 'audio'}, {'file_url': '/media/2026-04-24/332/2026-04-24_332_58_vibration-31_voiceprint_photo.jpg', 'file_type': 'image'}, {'file_url': '/media/2026-04-24/332/2026-04-24_332_58_vibration-31_spect_photo.jpg', 'file_type': 'image'}, {'file_url': '/media/2026-04-24/332/2026-04-24_332_58_vibration-31_soundmap_photo.jpg', 'file_type': 'image'}, {'file_url': '/media/2026-04-24/332/2026-04-24_332_58_vibration-31_soundmap_video.mp4', 'file_type': 'video'}, {'file_url': '/media/2026-04-24/332/2026-04-24_332_58_vibration-31_voiceprint_video.mp4', 'file_type': 'video'}]",pass,2026-04-24 14:24:46
1040,332,59,vibration-32,"{'kurtosis': 3.03, 'peak_factor': 4.13}","[{'file_url': '/media/2026-04-24/332/2026-04-24_332_59_vibration-32_spect_video.mp4', 'file_type': 'video'}, {'file_url': '/media/2026-04-24/332/2026-04-24_332_59_vibration-32_sound_wav.wav', 'file_type': 'audio'}, {'file_url': '/media/2026-04-24/332/2026-04-24_332_59_vibration-32_voiceprint_photo.jpg', 'file_type': 'image'}, {'file_url': '/media/2026-04-24/332/2026-04-24_332_59_vibration-32_spect_photo.jpg', 'file_type': 'image'}, {'file_url': '/media/2026-04-24/332/2026-04-24_332_59_vibration-32_soundmap_photo.jpg', 'file_type': 'image'}, {'file_url': '/media/2026-04-24/332/2026-04-24_332_59_vibration-32_soundmap_video.mp4', 'file_type': 'video'}, {'file_url': '/media/2026-04-24/332/2026-04-24_332_59_vibration-32_voiceprint_video.mp4', 'file_type': 'video'}]",pass,2026-04-24 14:25:18
1041,332,60,leakage-16,{'is_leak': False},"[{'file_url': '/media/2026-04-24/332/2026-04-24_332_60_leakage-16_spect_video.mp4', 'file_type': 'video'}, {'file_url': '/media/2026-04-24/332/2026-04-24_332_60_leakage-16_sound_wav.wav', 'file_type': 'audio'}, {'file_url': '/media/2026-04-24/332/2026-04-24_332_60_leakage-16_voiceprint_photo.jpg', 'file_type': 'image'}, {'file_url': '/media/2026-04-24/332/2026-04-24_332_60_leakage-16_spect_photo.jpg', 'file_type': 'image'}, {'file_url': '/media/2026-04-24/332/2026-04-24_332_60_leakage-16_soundmap_photo.jpg', 'file_type': 'image'}, {'file_url': '/media/2026-04-24/332/2026-04-24_332_60_leakage-16_soundmap_video.mp4', 'file_type': 'video'}, {'file_url': '/media/2026-04-24/332/2026-04-24_332_60_leakage-16_voiceprint_video.mp4', 'file_type': 'video'}]",pass,2026-04-24 14:25:41
1042,332,62,thermal-39,"{'max_temperature': 45.0, 'min_temperature': 37.4}","[{'file_url': '/media/2026-04-24/332/2026-04-24_332_62_thermal-39_raw_rgb_image.jpg', 'file_type': 'image'}, {'file_url': '/media/2026-04-24/332/2026-04-24_332_62_thermal-39_thermal_map.jpg', 'file_type': 'image'}]",pass,2026-04-24 14:26:14
1043,332,63,thermal-40,"{'max_temperature': 37.5, 'min_temperature': 36.6}","[{'file_url': '/media/2026-04-24/332/2026-04-24_332_63_thermal-40_raw_rgb_image.jpg', 'file_type': 'image'}, {'file_url': '/media/2026-04-24/332/2026-04-24_332_63_thermal-40_thermal_map.jpg', 'file_type': 'image'}]",pass,2026-04-24 14:26:43
1044,332,64,leakage-17,{'is_leak': True},"[{'file_url': '/media/2026-04-24/332/2026-04-24_332_64_leakage-17_spect_video.mp4', 'file_type': 'video'}, {'file_url': '/media/2026-04-24/332/2026-04-24_332_64_leakage-17_sound_wav.wav', 'file_type': 'audio'}, {'file_url': '/media/2026-04-24/332/2026-04-24_332_64_leakage-17_voiceprint_photo.jpg', 'file_type': 'image'}, {'file_url': '/media/2026-04-24/332/2026-04-24_332_64_leakage-17_spect_photo.jpg', 'file_type': 'image'}, {'file_url': '/media/2026-04-24/332/2026-04-24_332_64_leakage-17_soundmap_photo.jpg', 'file_type': 'image'}, {'file_url': '/media/2026-04-24/332/2026-04-24_332_64_leakage-17_soundmap_video.mp4', 'file_type': 'video'}, {'file_url': '/media/2026-04-24/332/2026-04-24_332_64_leakage-17_voiceprint_video.mp4', 'file_type': 'video'}]",critical,2026-04-24 14:27:21
1045,332,65,vibration-33,"{'kurtosis': 3.05, 'peak_factor': 4.13}","[{'file_url': '/media/2026-04-24/332/2026-04-24_332_65_vibration-33_spect_video.mp4', 'file_type': 'video'}, {'file_url': '/media/2026-04-24/332/2026-04-24_332_65_vibration-33_sound_wav.wav', 'file_type': 'audio'}, {'file_url': '/media/2026-04-24/332/2026-04-24_332_65_vibration-33_voiceprint_photo.jpg', 'file_type': 'image'}, {'file_url': '/media/2026-04-24/332/2026-04-24_332_65_vibration-33_spect_photo.jpg', 'file_type': 'image'}, {'file_url': '/media/2026-04-24/332/2026-04-24_332_65_vibration-33_soundmap_photo.jpg', 'file_type': 'image'}, {'file_url': '/media/2026-04-24/332/2026-04-24_332_65_vibration-33_soundmap_video.mp4', 'file_type': 'video'}, {'file_url': '/media/2026-04-24/332/2026-04-24_332_65_vibration-33_voiceprint_video.mp4', 'file_type': 'video'}]",pass,2026-04-24 14:27:50
1046,332,69,thermal-41,"{'max_temperature': 41.3, 'min_temperature': 34.9}","[{'file_url': '/media/2026-04-24/332/2026-04-24_332_69_thermal-41_raw_rgb_image.jpg', 'file_type': 'image'}, {'file_url': '/media/2026-04-24/332/2026-04-24_332_69_thermal-41_thermal_map.jpg', 'file_type': 'image'}]",pass,2026-04-24 14:28:43
1047,332,70,leakage-18,{'is_leak': False},"[{'file_url': '/media/2026-04-24/332/2026-04-24_332_70_leakage-18_spect_video.mp4', 'file_type': 'video'}, {'file_url': '/media/2026-04-24/332/2026-04-24_332_70_leakage-18_sound_wav.wav', 'file_type': 'audio'}, {'file_url': '/media/2026-04-24/332/2026-04-24_332_70_leakage-18_voiceprint_photo.jpg', 'file_type': 'image'}, {'file_url': '/media/2026-04-24/332/2026-04-24_332_70_leakage-18_spect_photo.jpg', 'file_type': 'image'}, {'file_url': '/media/2026-04-24/332/2026-04-24_332_70_leakage-18_soundmap_photo.jpg', 'file_type': 'image'}, {'file_url': '/media/2026-04-24/332/2026-04-24_332_70_leakage-18_soundmap_video.mp4', 'file_type': 'video'}, {'file_url': '/media/2026-04-24/332/2026-04-24_332_70_leakage-18_voiceprint_video.mp4', 'file_type': 'video'}]",pass,2026-04-24 14:29:17
1048,332,71,leakage-19,{'is_leak': False},"[{'file_url': '/media/2026-04-24/332/2026-04-24_332_71_leakage-19_spect_video.mp4', 'file_type': 'video'}, {'file_url': '/media/2026-04-24/332/2026-04-24_332_71_leakage-19_sound_wav.wav', 'file_type': 'audio'}, {'file_url': '/media/2026-04-24/332/2026-04-24_332_71_leakage-19_voiceprint_photo.jpg', 'file_type': 'image'}, {'file_url': '/media/2026-04-24/332/2026-04-24_332_71_leakage-19_spect_photo.jpg', 'file_type': 'image'}, {'file_url': '/media/2026-04-24/332/2026-04-24_332_71_leakage-19_soundmap_photo.jpg', 'file_type': 'image'}, {'file_url': '/media/2026-04-24/332/2026-04-24_332_71_leakage-19_soundmap_video.mp4', 'file_type': 'video'}, {'file_url': '/media/2026-04-24/332/2026-04-24_332_71_leakage-19_voiceprint_video.mp4', 'file_type': 'video'}]",pass,2026-04-24 14:29:57
1049,332,72,asset-11,{'detection_status': False},"[{'file_url': '/media/2026-04-24/332/2026-04-24_332_72_asset-11_processed_rgb_image.jpg', 'file_type': 'image'}]",critical,2026-04-24 14:30:26
1050,332,73,leakage-20,{'is_leak': False},"[{'file_url': '/media/2026-04-24/332/2026-04-24_332_73_leakage-20_spect_video.mp4', 'file_type': 'video'}, {'file_url': '/media/2026-04-24/332/2026-04-24_332_73_leakage-20_sound_wav.wav', 'file_type': 'audio'}, {'file_url': '/media/2026-04-24/332/2026-04-24_332_73_leakage-20_voiceprint_photo.jpg', 'file_type': 'image'}, {'file_url': '/media/2026-04-24/332/2026-04-24_332_73_leakage-20_spect_photo.jpg', 'file_type': 'image'}, {'file_url': '/media/2026-04-24/332/2026-04-24_332_73_leakage-20_soundmap_photo.jpg', 'file_type': 'image'}, {'file_url': '/media/2026-04-24/332/2026-04-24_332_73_leakage-20_soundmap_video.mp4', 'file_type': 'video'}, {'file_url': '/media/2026-04-24/332/2026-04-24_332_73_leakage-20_voiceprint_video.mp4', 'file_type': 'video'}]",pass,2026-04-24 14:30:45
1051,332,75,thermal-42,"{'max_temperature': 37.0, 'min_temperature': 35.9}","[{'file_url': '/media/2026-04-24/332/2026-04-24_332_75_thermal-42_raw_rgb_image.jpg', 'file_type': 'image'}, {'file_url': '/media/2026-04-24/332/2026-04-24_332_75_thermal-42_thermal_map.jpg', 'file_type': 'image'}]",pass,2026-04-24 14:31:35
1052,332,76,leakage-21,{'is_leak': True},"[{'file_url': '/media/2026-04-24/332/2026-04-24_332_76_leakage-21_spect_video.mp4', 'file_type': 'video'}, {'file_url': '/media/2026-04-24/332/2026-04-24_332_76_leakage-21_sound_wav.wav', 'file_type': 'audio'}, {'file_url': '/media/2026-04-24/332/2026-04-24_332_76_leakage-21_voiceprint_photo.jpg', 'file_type': 'image'}, {'file_url': '/media/2026-04-24/332/2026-04-24_332_76_leakage-21_spect_photo.jpg', 'file_type': 'image'}, {'file_url': '/media/2026-04-24/332/2026-04-24_332_76_leakage-21_soundmap_photo.jpg', 'file_type': 'image'}, {'file_url': '/media/2026-04-24/332/2026-04-24_332_76_leakage-21_soundmap_video.mp4', 'file_type': 'video'}, {'file_url': '/media/2026-04-24/332/2026-04-24_332_76_leakage-21_voiceprint_video.mp4', 'file_type': 'video'}]",critical,2026-04-24 14:32:35
1053,332,77,leakage-22,{'is_leak': True},"[{'file_url': '/media/2026-04-24/332/2026-04-24_332_77_leakage-22_spect_video.mp4', 'file_type': 'video'}, {'file_url': '/media/2026-04-24/332/2026-04-24_332_77_leakage-22_sound_wav.wav', 'file_type': 'audio'}, {'file_url': '/media/2026-04-24/332/2026-04-24_332_77_leakage-22_voiceprint_photo.jpg', 'file_type': 'image'}, {'file_url': '/media/2026-04-24/332/2026-04-24_332_77_leakage-22_spect_photo.jpg', 'file_type': 'image'}, {'file_url': '/media/2026-04-24/332/2026-04-24_332_77_leakage-22_soundmap_photo.jpg', 'file_type': 'image'}, {'file_url': '/media/2026-04-24/332/2026-04-24_332_77_leakage-22_soundmap_video.mp4', 'file_type': 'video'}, {'file_url': '/media/2026-04-24/332/2026-04-24_332_77_leakage-22_voiceprint_video.mp4', 'file_type': 'video'}]",critical,2026-04-24 14:33:17
1054,332,82,leakage-23,{'is_leak': False},"[{'file_url': '/media/2026-04-24/332/2026-04-24_332_82_leakage-23_spect_video.mp4', 'file_type': 'video'}, {'file_url': '/media/2026-04-24/332/2026-04-24_332_82_leakage-23_sound_wav.wav', 'file_type': 'audio'}, {'file_url': '/media/2026-04-24/332/2026-04-24_332_82_leakage-23_voiceprint_photo.jpg', 'file_type': 'image'}, {'file_url': '/media/2026-04-24/332/2026-04-24_332_82_leakage-23_spect_photo.jpg', 'file_type': 'image'}, {'file_url': '/media/2026-04-24/332/2026-04-24_332_82_leakage-23_soundmap_photo.jpg', 'file_type': 'image'}, {'file_url': '/media/2026-04-24/332/2026-04-24_332_82_leakage-23_soundmap_video.mp4', 'file_type': 'video'}, {'file_url': '/media/2026-04-24/332/2026-04-24_332_82_leakage-23_voiceprint_video.mp4', 'file_type': 'video'}]",pass,2026-04-24 14:34:36
1055,332,83,thermal-43,"{'max_temperature': 34.9, 'min_temperature': 34.1}","[{'file_url': '/media/2026-04-24/332/2026-04-24_332_83_thermal-43_raw_rgb_image.jpg', 'file_type': 'image'}, {'file_url': '/media/2026-04-24/332/2026-04-24_332_83_thermal-43_thermal_map.jpg', 'file_type': 'image'}]",pass,2026-04-24 14:35:03
1056,332,84,thermal-44,"{'max_temperature': 36.2, 'min_temperature': 34.3}","[{'file_url': '/media/2026-04-24/332/2026-04-24_332_84_thermal-44_raw_rgb_image.jpg', 'file_type': 'image'}, {'file_url': '/media/2026-04-24/332/2026-04-24_332_84_thermal-44_thermal_map.jpg', 'file_type': 'image'}]",pass,2026-04-24 14:35:34
1057,332,92,leakage-26,{'is_leak': True},"[{'file_url': '/media/2026-04-24/332/2026-04-24_332_92_leakage-26_spect_video.mp4', 'file_type': 'video'}, {'file_url': '/media/2026-04-24/332/2026-04-24_332_92_leakage-26_sound_wav.wav', 'file_type': 'audio'}, {'file_url': '/media/2026-04-24/332/2026-04-24_332_92_leakage-26_voiceprint_photo.jpg', 'file_type': 'image'}, {'file_url': '/media/2026-04-24/332/2026-04-24_332_92_leakage-26_spect_photo.jpg', 'file_type': 'image'}, {'file_url': '/media/2026-04-24/332/2026-04-24_332_92_leakage-26_soundmap_photo.jpg', 'file_type': 'image'}, {'file_url': '/media/2026-04-24/332/2026-04-24_332_92_leakage-26_soundmap_video.mp4', 'file_type': 'video'}, {'file_url': '/media/2026-04-24/332/2026-04-24_332_92_leakage-26_voiceprint_video.mp4', 'file_type': 'video'}]",critical,2026-04-24 14:38:09
1058,332,93,leakage-27,{'is_leak': False},"[{'file_url': '/media/2026-04-24/332/2026-04-24_332_93_leakage-27_spect_video.mp4', 'file_type': 'video'}, {'file_url': '/media/2026-04-24/332/2026-04-24_332_93_leakage-27_sound_wav.wav', 'file_type': 'audio'}, {'file_url': '/media/2026-04-24/332/2026-04-24_332_93_leakage-27_voiceprint_photo.jpg', 'file_type': 'image'}, {'file_url': '/media/2026-04-24/332/2026-04-24_332_93_leakage-27_spect_photo.jpg', 'file_type': 'image'}, {'file_url': '/media/2026-04-24/332/2026-04-24_332_93_leakage-27_soundmap_photo.jpg', 'file_type': 'image'}, {'file_url': '/media/2026-04-24/332/2026-04-24_332_93_leakage-27_soundmap_video.mp4', 'file_type': 'video'}, {'file_url': '/media/2026-04-24/332/2026-04-24_332_93_leakage-27_voiceprint_video.mp4', 'file_type': 'video'}]",pass,2026-04-24 14:38:49
1059,332,102,leakage-38,{'is_leak': False},"[{'file_url': '/media/2026-04-24/332/2026-04-24_332_102_leakage-38_spect_video.mp4', 'file_type': 'video'}, {'file_url': '/media/2026-04-24/332/2026-04-24_332_102_leakage-38_sound_wav.wav', 'file_type': 'audio'}, {'file_url': '/media/2026-04-24/332/2026-04-24_332_102_leakage-38_voiceprint_photo.jpg', 'file_type': 'image'}, {'file_url': '/media/2026-04-24/332/2026-04-24_332_102_leakage-38_spect_photo.jpg', 'file_type': 'image'}, {'file_url': '/media/2026-04-24/332/2026-04-24_332_102_leakage-38_soundmap_photo.jpg', 'file_type': 'image'}, {'file_url': '/media/2026-04-24/332/2026-04-24_332_102_leakage-38_soundmap_video.mp4', 'file_type': 'video'}, {'file_url': '/media/2026-04-24/332/2026-04-24_332_102_leakage-38_voiceprint_video.mp4', 'file_type': 'video'}]",pass,2026-04-24 14:41:17
1060,332,103,gauge-8,{'detection_status': False},"[{'file_url': '/media/2026-04-24/332/2026-04-24_332_103_gauge-8_preprocessed_rgb_image.jpg', 'file_type': 'image'}]",critical,2026-04-24 14:41:37
1061,332,106,leakage-39,{'is_leak': False},"[{'file_url': '/media/2026-04-24/332/2026-04-24_332_106_leakage-39_spect_video.mp4', 'file_type': 'video'}, {'file_url': '/media/2026-04-24/332/2026-04-24_332_106_leakage-39_sound_wav.wav', 'file_type': 'audio'}, {'file_url': '/media/2026-04-24/332/2026-04-24_332_106_leakage-39_voiceprint_photo.jpg', 'file_type': 'image'}, {'file_url': '/media/2026-04-24/332/2026-04-24_332_106_leakage-39_spect_photo.jpg', 'file_type': 'image'}, {'file_url': '/media/2026-04-24/332/2026-04-24_332_106_leakage-39_soundmap_photo.jpg', 'file_type': 'image'}, {'file_url': '/media/2026-04-24/332/2026-04-24_332_106_leakage-39_soundmap_video.mp4', 'file_type': 'video'}, {'file_url': '/media/2026-04-24/332/2026-04-24_332_106_leakage-39_voiceprint_video.mp4', 'file_type': 'video'}]",pass,2026-04-24 14:42:42
1062,332,107,gauge-9,{'detection_status': True},"[{'file_url': '/media/2026-04-24/332/2026-04-24_332_107_gauge-9_preprocessed_rgb_image.jpg', 'file_type': 'image'}, {'file_url': '/media/2026-04-24/332/2026-04-24_332_107_gauge-9_processed_rgb_image.jpg', 'file_type': 'image'}]",pass,2026-04-24 14:43:07
1063,332,108,loto-3,{'detection_status': False},"[{'file_url': '/media/2026-04-24/332/2026-04-24_332_108_loto-3_processed_rgb_image.jpg', 'file_type': 'image'}]",critical,2026-04-24 14:43:47
1064,332,109,loto-4,{'detection_status': False},"[{'file_url': '/media/2026-04-24/332/2026-04-24_332_109_loto-4_processed_rgb_image.jpg', 'file_type': 'image'}]",critical,2026-04-24 14:43:57
1065,332,112,thermal-56,"{'max_temperature': 42.6, 'min_temperature': 38.6}","[{'file_url': '/media/2026-04-24/332/2026-04-24_332_112_thermal-56_raw_rgb_image.jpg', 'file_type': 'image'}, {'file_url': '/media/2026-04-24/332/2026-04-24_332_112_thermal-56_thermal_map.jpg', 'file_type': 'image'}]",pass,2026-04-24 14:45:02
1066,332,114,gauge-10,{'detection_status': True},"[{'file_url': '/media/2026-04-24/332/2026-04-24_332_114_gauge-10_preprocessed_rgb_image.jpg', 'file_type': 'image'}, {'file_url': '/media/2026-04-24/332/2026-04-24_332_114_gauge-10_processed_rgb_image.jpg', 'file_type': 'image'}]",pass,2026-04-24 14:45:38
1067,332,115,leakage-40,{'is_leak': False},"[{'file_url': '/media/2026-04-24/332/2026-04-24_332_115_leakage-40_spect_video.mp4', 'file_type': 'video'}, {'file_url': '/media/2026-04-24/332/2026-04-24_332_115_leakage-40_sound_wav.wav', 'file_type': 'audio'}, {'file_url': '/media/2026-04-24/332/2026-04-24_332_115_leakage-40_voiceprint_photo.jpg', 'file_type': 'image'}, {'file_url': '/media/2026-04-24/332/2026-04-24_332_115_leakage-40_spect_photo.jpg', 'file_type': 'image'}, {'file_url': '/media/2026-04-24/332/2026-04-24_332_115_leakage-40_soundmap_photo.jpg', 'file_type': 'image'}, {'file_url': '/media/2026-04-24/332/2026-04-24_332_115_leakage-40_soundmap_video.mp4', 'file_type': 'video'}, {'file_url': '/media/2026-04-24/332/2026-04-24_332_115_leakage-40_voiceprint_video.mp4', 'file_type': 'video'}]",pass,2026-04-24 14:46:09
1068,332,125,leakage-28,{'is_leak': False},"[{'file_url': '/media/2026-04-24/332/2026-04-24_332_125_leakage-28_spect_video.mp4', 'file_type': 'video'}, {'file_url': '/media/2026-04-24/332/2026-04-24_332_125_leakage-28_sound_wav.wav', 'file_type': 'audio'}, {'file_url': '/media/2026-04-24/332/2026-04-24_332_125_leakage-28_voiceprint_photo.jpg', 'file_type': 'image'}, {'file_url': '/media/2026-04-24/332/2026-04-24_332_125_leakage-28_spect_photo.jpg', 'file_type': 'image'}, {'file_url': '/media/2026-04-24/332/2026-04-24_332_125_leakage-28_soundmap_photo.jpg', 'file_type': 'image'}, {'file_url': '/media/2026-04-24/332/2026-04-24_332_125_leakage-28_soundmap_video.mp4', 'file_type': 'video'}, {'file_url': '/media/2026-04-24/332/2026-04-24_332_125_leakage-28_voiceprint_video.mp4', 'file_type': 'video'}]",pass,2026-04-24 14:48:57
1069,332,126,thermal-52,"{'max_temperature': 41.4, 'min_temperature': 37.0}","[{'file_url': '/media/2026-04-24/332/2026-04-24_332_126_thermal-52_raw_rgb_image.jpg', 'file_type': 'image'}, {'file_url': '/media/2026-04-24/332/2026-04-24_332_126_thermal-52_thermal_map.jpg', 'file_type': 'image'}]",pass,2026-04-24 14:49:18
1070,332,127,leakage-29,{'is_leak': False},"[{'file_url': '/media/2026-04-24/332/2026-04-24_332_127_leakage-29_spect_video.mp4', 'file_type': 'video'}, {'file_url': '/media/2026-04-24/332/2026-04-24_332_127_leakage-29_sound_wav.wav', 'file_type': 'audio'}, {'file_url': '/media/2026-04-24/332/2026-04-24_332_127_leakage-29_voiceprint_photo.jpg', 'file_type': 'image'}, {'file_url': '/media/2026-04-24/332/2026-04-24_332_127_leakage-29_spect_photo.jpg', 'file_type': 'image'}, {'file_url': '/media/2026-04-24/332/2026-04-24_332_127_leakage-29_soundmap_photo.jpg', 'file_type': 'image'}, {'file_url': '/media/2026-04-24/332/2026-04-24_332_127_leakage-29_soundmap_video.mp4', 'file_type': 'video'}, {'file_url': '/media/2026-04-24/332/2026-04-24_332_127_leakage-29_voiceprint_video.mp4', 'file_type': 'video'}]",pass,2026-04-24 14:49:55
1071,332,129,thermal-53,"{'max_temperature': 36.1, 'min_temperature': 34.2}","[{'file_url': '/media/2026-04-24/332/2026-04-24_332_129_thermal-53_raw_rgb_image.jpg', 'file_type': 'image'}, {'file_url': '/media/2026-04-24/332/2026-04-24_332_129_thermal-53_thermal_map.jpg', 'file_type': 'image'}]",pass,2026-04-24 14:50:34
1072,332,130,leakage-30,{'is_leak': False},"[{'file_url': '/media/2026-04-24/332/2026-04-24_332_130_leakage-30_spect_video.mp4', 'file_type': 'video'}, {'file_url': '/media/2026-04-24/332/2026-04-24_332_130_leakage-30_sound_wav.wav', 'file_type': 'audio'}, {'file_url': '/media/2026-04-24/332/2026-04-24_332_130_leakage-30_voiceprint_photo.jpg', 'file_type': 'image'}, {'file_url': '/media/2026-04-24/332/2026-04-24_332_130_leakage-30_spect_photo.jpg', 'file_type': 'image'}, {'file_url': '/media/2026-04-24/332/2026-04-24_332_130_leakage-30_soundmap_photo.jpg', 'file_type': 'image'}, {'file_url': '/media/2026-04-24/332/2026-04-24_332_130_leakage-30_soundmap_video.mp4', 'file_type': 'video'}, {'file_url': '/media/2026-04-24/332/2026-04-24_332_130_leakage-30_voiceprint_video.mp4', 'file_type': 'video'}]",pass,2026-04-24 14:51:13
1073,332,131,leakage-31,{'is_leak': True},"[{'file_url': '/media/2026-04-24/332/2026-04-24_332_131_leakage-31_spect_video.mp4', 'file_type': 'video'}, {'file_url': '/media/2026-04-24/332/2026-04-24_332_131_leakage-31_sound_wav.wav', 'file_type': 'audio'}, {'file_url': '/media/2026-04-24/332/2026-04-24_332_131_leakage-31_voiceprint_photo.jpg', 'file_type': 'image'}, {'file_url': '/media/2026-04-24/332/2026-04-24_332_131_leakage-31_spect_photo.jpg', 'file_type': 'image'}, {'file_url': '/media/2026-04-24/332/2026-04-24_332_131_leakage-31_soundmap_photo.jpg', 'file_type': 'image'}, {'file_url': '/media/2026-04-24/332/2026-04-24_332_131_leakage-31_soundmap_video.mp4', 'file_type': 'video'}, {'file_url': '/media/2026-04-24/332/2026-04-24_332_131_leakage-31_voiceprint_video.mp4', 'file_type': 'video'}]",critical,2026-04-24 14:51:33
1074,332,134,leakage-32,{'is_leak': False},"[{'file_url': '/media/2026-04-24/332/2026-04-24_332_134_leakage-32_spect_video.mp4', 'file_type': 'video'}, {'file_url': '/media/2026-04-24/332/2026-04-24_332_134_leakage-32_sound_wav.wav', 'file_type': 'audio'}, {'file_url': '/media/2026-04-24/332/2026-04-24_332_134_leakage-32_voiceprint_photo.jpg', 'file_type': 'image'}, {'file_url': '/media/2026-04-24/332/2026-04-24_332_134_leakage-32_spect_photo.jpg', 'file_type': 'image'}, {'file_url': '/media/2026-04-24/332/2026-04-24_332_134_leakage-32_soundmap_photo.jpg', 'file_type': 'image'}, {'file_url': '/media/2026-04-24/332/2026-04-24_332_134_leakage-32_soundmap_video.mp4', 'file_type': 'video'}, {'file_url': '/media/2026-04-24/332/2026-04-24_332_134_leakage-32_voiceprint_video.mp4', 'file_type': 'video'}]",pass,2026-04-24 14:52:49
1075,332,135,leakage-33,{'is_leak': False},"[{'file_url': '/media/2026-04-24/332/2026-04-24_332_135_leakage-33_spect_video.mp4', 'file_type': 'video'}, {'file_url': '/media/2026-04-24/332/2026-04-24_332_135_leakage-33_sound_wav.wav', 'file_type': 'audio'}, {'file_url': '/media/2026-04-24/332/2026-04-24_332_135_leakage-33_voiceprint_photo.jpg', 'file_type': 'image'}, {'file_url': '/media/2026-04-24/332/2026-04-24_332_135_leakage-33_spect_photo.jpg', 'file_type': 'image'}, {'file_url': '/media/2026-04-24/332/2026-04-24_332_135_leakage-33_soundmap_photo.jpg', 'file_type': 'image'}, {'file_url': '/media/2026-04-24/332/2026-04-24_332_135_leakage-33_soundmap_video.mp4', 'file_type': 'video'}, {'file_url': '/media/2026-04-24/332/2026-04-24_332_135_leakage-33_voiceprint_video.mp4', 'file_type': 'video'}]",pass,2026-04-24 14:53:29
1076,332,137,thermal-54,"{'max_temperature': 36.5, 'min_temperature': 34.1}","[{'file_url': '/media/2026-04-24/332/2026-04-24_332_137_thermal-54_raw_rgb_image.jpg', 'file_type': 'image'}, {'file_url': '/media/2026-04-24/332/2026-04-24_332_137_thermal-54_thermal_map.jpg', 'file_type': 'image'}]",pass,2026-04-24 14:54:02
1077,332,140,gauge-3,{'detection_status': False},"[{'file_url': '/media/2026-04-24/332/2026-04-24_332_140_gauge-3_preprocessed_rgb_image.jpg', 'file_type': 'image'}, {'file_url': '/media/2026-04-24/332/2026-04-24_332_140_gauge-3_processed_rgb_image.jpg', 'file_type': 'image'}]",critical,2026-04-24 14:55:08
1078,332,141,gauge-4,{'detection_status': True},"[{'file_url': '/media/2026-04-24/332/2026-04-24_332_141_gauge-4_preprocessed_rgb_image.jpg', 'file_type': 'image'}, {'file_url': '/media/2026-04-24/332/2026-04-24_332_141_gauge-4_processed_rgb_image.jpg', 'file_type': 'image'}]",pass,2026-04-24 14:55:18
1079,332,142,gauge-5,{'detection_status': True},"[{'file_url': '/media/2026-04-24/332/2026-04-24_332_142_gauge-5_preprocessed_rgb_image.jpg', 'file_type': 'image'}, {'file_url': '/media/2026-04-24/332/2026-04-24_332_142_gauge-5_processed_rgb_image.jpg', 'file_type': 'image'}]",pass,2026-04-24 14:55:48
1080,332,143,loto-1,{'detection_status': True},"[{'file_url': '/media/2026-04-24/332/2026-04-24_332_143_loto-1_processed_rgb_image.jpg', 'file_type': 'image'}]",pass,2026-04-24 14:56:19
1081,332,144,asset-12,{'detection_status': False},"[{'file_url': '/media/2026-04-24/332/2026-04-24_332_144_asset-12_processed_rgb_image.jpg', 'file_type': 'image'}]",critical,2026-04-24 14:56:29
1082,332,145,asset-13,{'detection_status': False},"[{'file_url': '/media/2026-04-24/332/2026-04-24_332_145_asset-13_processed_rgb_image.jpg', 'file_type': 'image'}]",critical,2026-04-24 14:56:59
1083,332,148,leakage-34,{'is_leak': False},"[{'file_url': '/media/2026-04-24/332/2026-04-24_332_148_leakage-34_spect_video.mp4', 'file_type': 'video'}, {'file_url': '/media/2026-04-24/332/2026-04-24_332_148_leakage-34_sound_wav.wav', 'file_type': 'audio'}, {'file_url': '/media/2026-04-24/332/2026-04-24_332_148_leakage-34_voiceprint_photo.jpg', 'file_type': 'image'}, {'file_url': '/media/2026-04-24/332/2026-04-24_332_148_leakage-34_spect_photo.jpg', 'file_type': 'image'}, {'file_url': '/media/2026-04-24/332/2026-04-24_332_148_leakage-34_soundmap_photo.jpg', 'file_type': 'image'}, {'file_url': '/media/2026-04-24/332/2026-04-24_332_148_leakage-34_soundmap_video.mp4', 'file_type': 'video'}, {'file_url': '/media/2026-04-24/332/2026-04-24_332_148_leakage-34_voiceprint_video.mp4', 'file_type': 'video'}]",pass,2026-04-24 14:57:45
1084,332,153,leakage-35,{'is_leak': False},"[{'file_url': '/media/2026-04-24/332/2026-04-24_332_153_leakage-35_spect_video.mp4', 'file_type': 'video'}, {'file_url': '/media/2026-04-24/332/2026-04-24_332_153_leakage-35_sound_wav.wav', 'file_type': 'audio'}, {'file_url': '/media/2026-04-24/332/2026-04-24_332_153_leakage-35_voiceprint_photo.jpg', 'file_type': 'image'}, {'file_url': '/media/2026-04-24/332/2026-04-24_332_153_leakage-35_spect_photo.jpg', 'file_type': 'image'}, {'file_url': '/media/2026-04-24/332/2026-04-24_332_153_leakage-35_soundmap_photo.jpg', 'file_type': 'image'}, {'file_url': '/media/2026-04-24/332/2026-04-24_332_153_leakage-35_soundmap_video.mp4', 'file_type': 'video'}, {'file_url': '/media/2026-04-24/332/2026-04-24_332_153_leakage-35_voiceprint_video.mp4', 'file_type': 'video'}]",pass,2026-04-24 14:59:05
1085,332,155,gauge-6,{'detection_status': False},"[{'file_url': '/media/2026-04-24/332/2026-04-24_332_155_gauge-6_preprocessed_rgb_image.jpg', 'file_type': 'image'}, {'file_url': '/media/2026-04-24/332/2026-04-24_332_155_gauge-6_processed_rgb_image.jpg', 'file_type': 'image'}]",critical,2026-04-24 14:59:39
1086,332,156,leakage-36,{'is_leak': False},"[{'file_url': '/media/2026-04-24/332/2026-04-24_332_156_leakage-36_spect_video.mp4', 'file_type': 'video'}, {'file_url': '/media/2026-04-24/332/2026-04-24_332_156_leakage-36_sound_wav.wav', 'file_type': 'audio'}, {'file_url': '/media/2026-04-24/332/2026-04-24_332_156_leakage-36_voiceprint_photo.jpg', 'file_type': 'image'}, {'file_url': '/media/2026-04-24/332/2026-04-24_332_156_leakage-36_spect_photo.jpg', 'file_type': 'image'}, {'file_url': '/media/2026-04-24/332/2026-04-24_332_156_leakage-36_soundmap_photo.jpg', 'file_type': 'image'}, {'file_url': '/media/2026-04-24/332/2026-04-24_332_156_leakage-36_soundmap_video.mp4', 'file_type': 'video'}, {'file_url': '/media/2026-04-24/332/2026-04-24_332_156_leakage-36_voiceprint_video.mp4', 'file_type': 'video'}]",pass,2026-04-24 15:00:09
1087,332,157,loto-2,{'detection_status': True},"[{'file_url': '/media/2026-04-24/332/2026-04-24_332_157_loto-2_processed_rgb_image.jpg', 'file_type': 'image'}]",pass,2026-04-24 15:00:39
1088,332,160,gauge-7,{'detection_status': False},"[{'file_url': '/media/2026-04-24/332/2026-04-24_332_160_gauge-7_preprocessed_rgb_image.jpg', 'file_type': 'image'}, {'file_url': '/media/2026-04-24/332/2026-04-24_332_160_gauge-7_processed_rgb_image.jpg', 'file_type': 'image'}]",critical,2026-04-24 15:01:29
1089,332,162,leakage-37,{'is_leak': False},"[{'file_url': '/media/2026-04-24/332/2026-04-24_332_162_leakage-37_spect_video.mp4', 'file_type': 'video'}, {'file_url': '/media/2026-04-24/332/2026-04-24_332_162_leakage-37_sound_wav.wav', 'file_type': 'audio'}, {'file_url': '/media/2026-04-24/332/2026-04-24_332_162_leakage-37_voiceprint_photo.jpg', 'file_type': 'image'}, {'file_url': '/media/2026-04-24/332/2026-04-24_332_162_leakage-37_spect_photo.jpg', 'file_type': 'image'}, {'file_url': '/media/2026-04-24/332/2026-04-24_332_162_leakage-37_soundmap_photo.jpg', 'file_type': 'image'}, {'file_url': '/media/2026-04-24/332/2026-04-24_332_162_leakage-37_soundmap_video.mp4', 'file_type': 'video'}, {'file_url': '/media/2026-04-24/332/2026-04-24_332_162_leakage-37_voiceprint_video.mp4', 'file_type': 'video'}]",pass,2026-04-24 15:02:13
1090,332,164,asset-14,{'detection_status': False},"[{'file_url': '/media/2026-04-24/332/2026-04-24_332_164_asset-14_processed_rgb_image.jpg', 'file_type': 'image'}]",critical,2026-04-24 15:03:19
