x,y,z,yaw,name,ds,distance
41.8443,-16.1638,-0.2801,-0.0763,ChargeOut,0,0
42.040424,-2.4565096,-0.2638025,1.6052006,via-h2-00,13.7086933999309,13.7086933999309
42.071,2.8857,-0.181,-3.0646,via-h2-01,5.34229709976038,19.0509904996912
35.3729131469547,2.60794495661281,-0.1384768,-3.1348433,via-h2-02,6.70384332715688,25.7548338268481
-14.0123,0.3758,0.2255958,1.5851729,via-84,49.4356323786545,75.1904662055027
-14.767163,21.561161,0.5049494,0.25745,via-85,21.1988051278625,96.3892713333652
-9.5533056,22.677908,0.4577811,1.6254547,via-86,5.33211335677926,101.721384690144
-9.86276,25.107012,0.432479,2.4641094,via-87,2.4487360552937,104.170120745438
-18.4665,26.5342,0.5575209,1.5544144,via-88,8.72130767574129,112.891428421179
-18.5123,31.4366,0.5907702,0.7118617,via-89,4.90261393544301,117.794042356622
-10.862,35.533825,0.5333738,1.468215,via-90,8.67838365080877,126.472426007431
-10.053919,42.30043,0.5778924,1.6486552,via-91-shuttle01-open,6.81468547539694,133.287111482828
-10.403989,45.437153,0.6244386,1.6041919,via-92-shuttle01-close,3.15619710785449,136.443308590683
-8.0908022,48.893063,0.6138956,0.0782789574298817,via-93,4.15862322166774,140.60193181235
2.9392517,49.508862,0.5460632,1.4734558,via-94,11.0472303065206,151.649162118871
2.9783154,56.953354,0.4911753,1.5904567,via-95-shuttle02-open,7.44459448934068,159.093756608212
2.6510377,60.726715,0.4996813,1.5877907,via-96-shuttle02-close,3.78752741630187,162.881284024514
1.9946015,70.897369,0.5314655,-3.1017516,via-97-shuttle03-open,10.1918158967078,173.073099921221
-4.391118,70.903801,0.4062418,-3.1358483,via-98-shuttle03-close,6.38572273930714,179.458822660528
-4.0940075,68.838539,0.3927332,-1.4641359,via-99,2.08652385029605,181.545346510825
-3.9819322,63.452221,0.3635726,3.134217,via-100,5.38748387190106,186.932830382726
-10.548726,63.189972,0.3637781,-3.1354418,via-101,6.5720282523525,193.504858635078
-16.195604,63.071499,0.3743068,-1.5140579,via-102,5.64812066076965,199.152979295848
-16.038097,55.922745,0.3919586,-1.513927,via-116,7.15048894884574,206.303468244693
-15.9657,53.4563,0.3949,-1.509,via-117,2.46750729758475,208.770975542278
-14.958688,52.927303,0.41081,-2.4286108,thermal-37,1.13750208534006,209.908477627618
-13.686208,54.482033,0.3963146,-2.2776961,leakage-14,2.00907708246846,211.917554710087
-15.241681,52.971394,0.4220051,2.2649655,thermal-38,2.16830035789556,214.085855067982
-15.338988,52.959743,0.4152788,0.6671109,leakage-15,0.0980020308463043,214.183857098829
-15.338224,52.964901,0.4050924,0.667826,vibration-29,0.00521427463794755,214.189071373467
-15.047901,52.904987,0.4189816,-0.5769345,vibration-30,0.296440772710166,214.485512146177
-16.306381,55.160091,0.4059085,-3.1286423,via-118,2.58249219964282,217.06800434582
-19.676178,54.605389,0.4915805,2.4213181,vibration-31,3.41514657518722,220.483150921007
-19.044134,53.198421,0.4756042,1.9639363,vibration-32,1.54241322963725,222.025564150644
-19.051722,53.199444,0.4751141,1.9625237,leakage-16,0.00765664894062814,222.033220799585
-19.24847,54.588551,0.4686684,2.9705555,via-119,1.40297114473285,223.436191944317
-20.821012,55.00045,0.4957865,2.7069426,thermal-39,1.6255919315637,225.061783875881
-21.018486,54.823586,0.4810746,-2.2156203,thermal-40,0.265097821892222,225.326881697773
-21.550602,54.580532,0.3447129,1.5650541,leakage-17,0.584998020827424,225.911879718601
-21.499352,54.385124,0.3424906,1.83483,vibration-33,0.202016952169862,226.113896670771
-22.46455,54.669666,0.4990019,-3.0559316,via-120,1.00626603289985,227.12016270367
-23.20248,54.561829,0.4886234,-3.0524485,via-121,0.745767727559327,227.86593043123
-25.434465,54.625458,0.5641356,-3.0623798,via-122,2.23289177746392,230.098822208694
-25.875931,55.050587,0.4148865,-1.7140493,thermal-41,0.612884080228064,230.711706288922
-26.328659,54.969055,0.4223811,-2.3072376,leakage-18,0.460010987920938,231.171717276843
-27.575083,55.084435,0.4432806,-2.6118157,leakage-19,1.25175290380171,232.423470180644
-27.965071,55.029861,0.4579551,-2.2535415,asset-11,0.393787965306203,232.817258145951
-28.058128,55.263554,0.446149,-2.0360234,leakage-20,0.251539308057412,233.068797454008
-29.014275,53.969135,0.3992804,-1.5672144,via-123,1.6092661784708,234.678063632479
-28.794733,51.141758,0.4262067,0.6510858,thermal-42,2.83588776045403,237.513951392933
-28.767246,55.2,0.4561602,0,leakage-21,4.05833508544243,241.572286478375
-26.486942,54.413555,0.4201461,1.5100766,leakage-22,2.4121115377281,243.984398016103
-26.486942,54.413555,0.5461706,0.9302,via-124,0,243.984398016103
-25.587793,54.849037,0.5461706,-0.1408254,via-125,0.999056302980466,244.983454319084
-23.479057,54.615002,0.4676282,0.0205796,via-126,2.12168327017041,247.105137589254
-19.6332,54.8387,0.3949,0.0029,via-127,3.85235731204324,250.957494901298
-16.461763,55.137333,0.4088349,1.6534551,via-128,3.18546610618571,254.142961007483
-17.635599,57.076828,0.4646306,0.6609525,leakage-23,2.267053552504,256.410014559987
-17.346962,56.893627,0.4227467,1.4383904,thermal-43,0.341868284826185,256.751882844813
-16.735878,57.307297,0.4499992,0.3787517,thermal-44,0.737933956364659,257.489816801178
-15.639815,57.563099,0.4124569,1.5817239,via-129,1.12551710923157,258.61533391041
-16.047958,61.692738,0.4088,-3.1378167,via-130,4.14975890610165,262.765092816511
-21.9204,61.1164,0.4518,-3.0751,via-131,5.90065594096182,268.665748757473
-26.8337,60.791,0.5015,-3.114,via-132,4.92406357087315,273.589812328346
-28.7756927757588,62.6152474228876,0.4906,-3.1185,via-133,2.66443513732486,276.254247465671
-35.7123871835376,62.2072065753712,0.5301,3.1388,via-134,6.94868524543684,283.202932711108
-36.490421,57.750374,0.5482615,-0.2166154,via-135,4.52423399311405,287.727166704222
-37.383125,58.051136,0.4125246,-0.3349768,leakage-26,0.942007543632217,288.669174247854
-36.5755424499512,57.8398933410645,0.5633,-0.322303980588913,via-136,0.834753278578483,289.503927526433
-37.0115203857422,57.17578125,0.3892672,1.05376887321472,leakage-27,0.794431639598144,290.298359166031
-36.5882,55.0793,0.5633,2.68811602929465,via-137,2.13879259877775,292.437151764809
-38.362858,54.198475,0.566249,2.7965906,leakage-28,1.98122782576588,294.418379590574
-39.62635,54.167332,0.5767405,-0.5100148,thermal-52,1.26387575359012,295.682255344165
-39.6413,54.4258,0.5566011,0.2373693,leakage-29,0.258899999080727,295.941155343245
-40.510506,55.037773,0.5604453,-3.090409,via-159,1.06302870288859,297.004184046134
-42.482056,54.686817,0.6027089,-2.5004263,thermal-53,2.00254326206352,299.006727308197
-42.8965530395508,54.5160064697266,0,-0.884930908679962,via-160,0.448312427943565,299.455039736141
-43.6415519714356,55.4645919799805,0.4744226,-0.350703716278076,via-161,1.2061666048988,300.66120634104
-43.6415519714356,55.4645919799805,0.4744226,-0.350703716278076,leakage-30,0,300.66120634104
-43.302322,55.089813,0.6115336,0.3392125,leakage-31,0.505505941958515,301.166712282998
-43.9508,54.617,0,-0.0893,via-162,0.80254336297362,301.969255645972
-46.1183776855469,54.782112121582,0,-0.0747203454375267,via-163,2.17385717920338,304.143112825175
-46.17852,55.174355,0.5245054,-0.4787372,leakage-32,0.396826881218234,304.539939706393
-47.511028,54.799129,0.6899981,0.1185339,leakage-33,1.38433092905563,305.924270635449
-47.0059983121557,54.4794071249944,0.5325,-0.191184459597007,via-164,0.597726578764264,306.521997214213
-47.701439,54.093807,0.5325178,-2.232657,thermal-54,0.795188786833085,307.317186001046
-48.30106,54.727764,0.6980641,-3.0904634,via-165,0.87260920318892,308.189795204235
-51.259216,54.772121,0.7647597,-1.5229384,via-166,2.95848854379817,311.148283748034
-51.432037,51.827133,0.6000924,0.0287477,gauge-4,2.95005447715546,314.098338225189
-51.2755279541016,51.4399299621582,0.5997543,0.122617281973362,gauge-5,0.417637730529652,314.515975955719
-51.243778,50.703701,0.7349684,-1.5618969,loto-1,0.736913254261309,315.25288920998
-51.282673,50.674232,0.7432803,-1.0852611,asset-12,0.0487979813721861,315.301687191352
-51.288567,50.674488,0.7469607,-1.0876161,asset-13,0.00589955693251375,315.307586748285
-51.236,49.3475,0.6813,0.0933,via-167,1.32802878042345,316.635615528708
-48.911888,49.588066,0.6450177,0.0140386,via-168,2.33652917570057,318.972144704409
-48.196686,49.875,0.4807932,0.7559909,leakage-34,0.770613405774905,319.742758110183
-46.425259,49.804192,0.6163823,0.0755876,via-169,1.77284161424336,321.515599724427
-45.9513,50.377,0.46,0.8968,thermal-55,0.743468989632383,322.259068714059
-45.025406,49.732956,0.5918859,-0.0344864,via-170,1.12786185908205,323.386930573141
-43.147816,49.869442,0.5587955,0.0421645,via-171,1.88254419238859,325.26947476553
-43.387093,50.164749,0.4157904,0.852257,leakage-35,0.38007855369384,325.649553319224
-41.81176,49.961441,0.5459118,0.0917749,via-172,1.58839799916551,327.237951318389
-41.430256,50.384724,0.4149978,1.2338318,gauge-6,0.569836643350529,327.80778796174
-41.394924,50.504532,0.4497579,1.8919803,leakage-36,0.124909195370075,327.93269715711
-41.89492,50.616405,0.5755,-1.7731626,loto-2,0.512358827527151,328.445055984637
-40.58165,50.149452,0.5369219,0.0571871,via-173,1.3938160556935,329.83887204033
-37.101032,50.402496,0.5096499,0.0254733,via-174,3.48980413889663,333.328676179227
-37.365452,50.517948,0.3930624,1.2539215,gauge-7,0.288525736640599,333.617201915868
-35.862663,51.179226,0.3489506,0.1312876,via-175,1.64184754828364,335.259049464151
-35.748615,51.225288,0.3698326,1.3796055,leakage-37,0.122998594089523,335.382048058241
-34.529049,51.597248,0.4938631,1.6452252,via-176,1.27502763497738,336.657075693218
-34.752732,53.941788,0.3710437,-1.6090338,asset-14,2.35518617015492,339.012261863373
-34.8460011369869,51.5606233110562,0,1.70250799366754,via-177,2.38299064366337,341.395252507036
-34.8226,54.0506,0,2.0527,via-178,2.49008665003768,343.885339157074
-36.6526,54.9941,0.5443,2.6301,via-179,2.05890559521314,345.944244752287
-36.540958,59.614529,0.5078825,1.6401079,via-180-h,4.62177758878604,350.566022341073
-34.5774220693905,62.2308750796545,0,-0.0151683917373519,via-181,3.27119858145569,353.837220922529
-28.7297583420563,62.4552831451565,0,0.0167,via-182,5.85196804911325,359.689188971642
-26.8365,60.7499,0,0.031,via-183,2.54808924913353,362.237278220776
-16.632,61.3558,0,1.1903,via-184,10.2224720620797,372.459750282855
-15.973351,63.00518,0.4095464,0.0535957,via-185,1.77602727726829,374.235777560124
-4.0758309,63.465031,0.3260978,1.5529609,via-186,11.906403633008,386.142181193132
-4.0693107,68.900719,0.3886068,1.550457,via-187,5.43569191054386,391.577873103675
-8.9577951,70.59893,0.3542743,0.0891664,via-188,5.17505558709898,396.752928690775
-4.39422494558981,71.128435079765,0,-0.0469,via-189-shuttle03-open,4.59418634621196,401.347115036987
0.599734492106052,71.1055270089499,0,-0.0248,via-190-shuttle03-close,4.9940119788663,406.341127015853
2.37345700527196,68.2898134958526,0,-1.5708,via-191,3.32781221548793,409.668939231341
2.9278,60.6546,0,-1.5618,via-192-shuttle02-open,7.65531065882066,417.324249890161
3.1798,56.9251,0,-1.5613,via-193-shuttle02-close,3.73800404627925,421.062253936441
3.15462222006749,49.2394618059999,0,-3.1109,via-194,7.68567943448564,428.747933370926
-10.1483,48.855,0,-1.5698,via-195,13.3084766398502,442.056410010776
-10.0233,46.0216,0,-1.5535,via-196-shuttle01-open,2.83615594775745,444.892565958534
-9.7886,43.0238,0,-1.547,via-197-shuttle01-close,3.0069733836534,447.899539342187
-11.2039149576233,35.2855657036849,0,-2.46685171136625,via-198,7.86659942122,455.766138763407
-18.8105,31.2253,0,-1.5524,via-199,8.62240648493385,464.388545248341
-18.7479,26.8286,0,-0.0185,via-200,4.39714562528921,468.78569087363
-9.7052,26.2849,0,-1.5708,via-201,9.05903046578385,477.844721339414
-9.6611,22.125,0,-2.6455,via-202,4.16013375025371,482.004855089668
-14.4745,19.9965,0,-1.5708,via-203,5.2630154673913,487.267870557059
-13.9211,0.8104,-0.2801,0.0096,via-204,19.1940794197065,506.461949976766
3.1373,1.065,-0.1027,-0.0545,via-205,17.0602998719249,523.522249848691
33.0476,2.5375,-0.1116,0.0326,via-2h-x0,29.9465240443695,553.46877389306
42.0886282266265,2.87682156579368,-0.1450856,-1.5989308,via-2h-x1,9.04739357603445,562.516167469095
41.834301,-2.5242805,-0.270077,-1.5337039,via-2h-x2,5.40708663360633,567.923254102701
42.0123,-13.5964,-0.3064,-1.5708,via-2h-x3,11.073550192521,578.996804295222
41.83852,-16.159822,-0.2800744,-0.0763338,ChargeIn,2.56930571137107,581.566110006593
