x,y,z,yaw,name,d,distance
10.6654,-183.9962,0,1.6284,ChargeOut-final,0,0
10.1018,-177.5203,0,1.5431,via-c2-00,6.50037889434146,6.50037889434146
10.4051,-174.1164,0,1.1989,via-c2-01,3.4173858576403,9.91776475198177
11.5141,-171.1166,0,1.5431,via-c2-02,3.19823092349504,13.1159956754768
11.0289,-143.3289,0,1.5431,via-c2-02.1,27.7919357067837,40.9079313822605
10.3161,-127.819,0,1.5431,via-c2-02.2,15.5262707000104,56.4342020822709
9.3095,-111.6838,0,1.6707,via-c2-03,16.1665680526202,72.6007701348911
8.6727,-105.9162,0,-3.0376,via-c2-04,5.80264801620777,78.4034181510989
-6.0117,-105.6715,0,2.274,via-c2-05,14.6864386918681,93.0898568429669
-7.0457,-104.2334,0,1.6279,via-c2-06,1.77123900420016,94.8610958471671
-7.5113,-92.5256,0,1.5779,via-c2-07,11.7170544165332,106.5781502637
-8.0443,-69.5611,0,1.576,via-c2-08,22.9706845620674,129.548834825768
-7.7571,-66.1873,0,0.92585,via-c2-09,3.38600210868216,132.93483693445
-6.7455,-64.3882,0,1.521,via-c2-10,2.06399984738371,134.998836781834
-6.5774,-62.136,0,0.0636,via-c2-11,2.25846462225999,137.257301404094
4.7218785,-61.335865,-0.289195,1.6388679,via-c2-12,11.3275730250918,148.584874429185
3.9580486,-35.965324,-0.2599079,-0.0124053,via-c2-13,25.3820366942611,173.966911123446
6.7476573,-35.888309,-0.3058234,1.6204572,via-c2-14,2.79067160542775,176.757582728874
5.6849623,0.8517954,-0.0915584,1.6388679,via-c2-15,36.7554702321426,213.513052961017
-14.0123,0.3758,0.2255958,1.5851729,via-84,19.7030128085992,233.216065769616
-14.767163,21.561161,0.5049494,0.25745,via-85,21.1988051278625,254.414870897478
-9.5533056,22.677908,0.4577811,1.6254547,via-86,5.33211335677926,259.746984254258
-9.86276,25.107012,0.432479,2.4641094,via-87,2.4487360552937,262.195720309551
-18.4665,26.5342,0.5575209,1.5544144,via-88,8.72130767574129,270.917027985293
-18.5123,31.4366,0.5907702,0.7118617,via-89,4.90261393544301,275.819641920736
-10.862,35.533825,0.5333738,1.468215,via-90,8.67838365080877,284.498025571544
-10.053919,42.30043,0.5778924,1.6486552,via-91-shuttle01-open,6.81468547539694,291.312711046941
-10.403989,45.437153,0.6244386,1.6041919,via-92-shuttle01-close,3.15619710785449,294.468908154796
-8.0908022,48.893063,0.6138956,0.0782789574298817,via-93,4.15862322166774,298.627531376464
2.9392517,49.508862,0.5460632,1.4734558,via-94,11.0472303065206,309.674761682984
2.9783154,56.953354,0.4911753,1.5904567,via-95-shuttle02-open,7.44459448934068,317.119356172325
2.6510377,60.726715,0.4996813,1.5877907,via-96-shuttle02-close,3.78752741630187,320.906883588627
1.9946015,70.897369,0.5314655,-3.1017516,via-97-shuttle03-open,10.1918158967078,331.098699485335
-4.391118,70.903801,0.4062418,-3.1358483,via-98-shuttle03-close,6.38572273930714,337.484422224642
-4.0940075,68.838539,0.3927332,-1.4641359,via-99,2.08652385029605,339.570946074938
-3.9819322,63.452221,0.3635726,3.134217,via-100,5.38748387190106,344.958429946839
-10.548726,63.189972,0.3637781,-3.1354418,via-101,6.5720282523525,351.530458199191
-16.195604,63.071499,0.3743068,-1.5140579,via-102,5.64812066076965,357.178578859961
-16.158087,61.640396,0.3764079,-0.0035389,via-103-before2nd,1.43159467793716,358.610173537898
-9.1036692,61.894161,3.3290496,0.0011854,via-104-2nd,7.05898060432112,365.669154142219
-8.7441101,61.414852,3.3321419,-1.5792437,via-105,0.599182663195293,366.268336805414
-8.80559094024417,60.2139850518589,3.3176277,-3.0771234,via-106,1.20243973689119,367.470776542306
-10.2805437873273,60.0726722042341,0,-2.8658,via-107,1.48170686102966,368.952483403335
-12.075627,59.486111,3.2617469,-1.1311175,thermal-45,1.88848558022877,370.840968983564
-12.052152,59.548809,3.3055103,-2.0999625,thermal-46,0.0669485984095242,370.907917581974
-12.084087,58.577923,3.2927039,-1.5507947,gauge-1,0.971411071185109,371.879328653159
-12.081274,58.577335,3.2853496,-1.550493,gauge-2,0.00287379766163157,371.88220245082
-12.195883,57.998676,3.2979333,1.6192183,leakage-24,0.589899534804015,372.472101985624
-13.198621,59.091412,3.2946243,-1.5238308,thermal-47,1.4830898362338,373.955191821858
-14.039406,56.464039,3.3358517,-1.0804946,thermal-48,2.75862434872057,376.713816170579
-13.666488,55.260002,3.3079243,-1.2708094,thermal-49,1.26046536330555,377.974281533884
-13.403976,53.845329,3.2970333,2.2848938,leakage-25,1.43882321605992,379.413104749944
-15.20247,53.31694,3.2926416,0.4147432,thermal-50,1.87450676268639,381.28761151263
-15.213236,53.318554,3.2876682,0.4157658,thermal-51,0.0108863103023933,381.298497822933
-13.294253,54.231941,3.2782199,1.692948,via-108,2.12526976312608,383.423767586059
-13.385868,58.361221,3.3193972,0.1140161,via-109,4.13029619114961,387.554063777209
-12.2854,59.6664,3.2678,-2.7252,via-110,1.70719713011269,389.261260907321
-10.731,59.8,3.2678,-2.9466,via-111,1.56013086630577,390.821391773627
-8.8233,60.3288,3.3152,-1.8599,via-112,1.979633483754,392.801025257381
-9.0311089,61.562763,3.2967606,-0.8303546,via-113,1.25133897257626,394.052364229957
-9.957777,61.862873,3.2870538,0.0271908,via-114-before-1st,0.974053273521327,395.026417503479
-16.20882,61.776878,0.3804214,0.0086832,via-115-after,6.25163448450675,401.278051987986
-16.038097,55.922745,0.3919586,-1.513927,via-116,5.85662185260565,407.134673840591
-15.9657,53.4563,0.3949,-1.509,via-117,2.46750729758475,409.602181138176
-14.958688,52.927303,0.41081,-2.4286108,thermal-37,1.13750208534006,410.739683223516
-13.686208,54.482033,0.3963146,-2.2776961,leakage-14,2.00907708246846,412.748760305984
-15.241681,52.971394,0.4220051,2.2649655,thermal-38,2.16830035789556,414.91706066388
-15.338988,52.959743,0.4152788,0.6671109,leakage-15,0.0980020308463043,415.015062694726
-15.338224,52.964901,0.4050924,0.667826,vibration-29,0.00521427463794755,415.020276969364
-15.047901,52.904987,0.4189816,-0.5769345,vibration-30,0.296440772710166,415.316717742074
-16.306381,55.160091,0.4059085,-3.1286423,via-118,2.58249219964282,417.899209941717
-19.676178,54.605389,0.4915805,2.4213181,vibration-31,3.41514657518722,421.314356516904
-19.044134,53.198421,0.4756042,1.9639363,vibration-32,1.54241322963725,422.856769746542
-19.051722,53.199444,0.4751141,1.9625237,leakage-16,0.00765664894062814,422.864426395482
-19.24847,54.588551,0.4686684,2.9705555,via-119,1.40297114473285,424.267397540215
-20.821012,55.00045,0.4957865,2.7069426,thermal-39,1.6255919315637,425.892989471779
-21.018486,54.823586,0.4810746,-2.2156203,thermal-40,0.265097821892222,426.158087293671
-21.550602,54.580532,0.3447129,1.5650541,leakage-17,0.584998020827424,426.743085314499
-21.499352,54.385124,0.3424906,1.83483,vibration-33,0.202016952169862,426.945102266668
-22.46455,54.669666,0.4990019,-3.0559316,via-120,1.00626603289985,427.951368299568
-23.20248,54.561829,0.4886234,-3.0524485,via-121,0.745767727559327,428.697136027128
-25.434465,54.625458,0.5641356,-3.0623798,via-122,2.23289177746392,430.930027804591
-25.875931,55.050587,0.4148865,-1.7140493,thermal-41,0.612884080228064,431.54291188482
-26.328659,54.969055,0.4223811,-2.3072376,leakage-18,0.460010987920938,432.002922872741
-27.575083,55.084435,0.4432806,-2.6118157,leakage-19,1.25175290380171,433.254675776542
-27.965071,55.029861,0.4579551,-2.2535415,asset-11,0.393787965306203,433.648463741848
-28.058128,55.263554,0.446149,-2.0360234,leakage-20,0.251539308057412,433.900003049906
-29.014275,53.969135,0.3992804,-1.5672144,via-123,1.6092661784708,435.509269228377
-28.794733,51.141758,0.4262067,0.6510858,thermal-42,2.83588776045403,438.345156988831
-28.767246,55.099976,0.4561602,0.0368204,leakage-21,3.95831343765157,442.303470426482
-26.486942,54.413555,0.4201461,1.5100766,leakage-22,2.381377778022,444.684848204504
-26.486942,54.413555,0.5461706,0.9302,via-124,0,444.684848204504
-25.587793,54.849037,0.5461706,-0.1408254,via-125,0.999056302980466,445.683904507485
-23.479057,54.615002,0.4676282,0.0205796,via-126,2.12168327017041,447.805587777655
-19.6332,54.8387,0.3949,0.0029,via-127,3.85235731204324,451.657945089699
-16.461763,55.137333,0.4088349,1.6534551,via-128,3.18546610618571,454.843411195884
-17.635599,57.076828,0.4646306,0.6609525,leakage-23,2.267053552504,457.110464748388
-17.346962,56.893627,0.4227467,1.4383904,thermal-43,0.341868284826185,457.452333033214
-16.735878,57.307297,0.4499992,0.3787517,thermal-44,0.737933956364659,458.190266989579
-15.639815,57.563099,0.4124569,1.5817239,via-129,1.12551710923157,459.315784098811
-16.632,61.3558,0,1.1903,via-184,3.92033314268392,463.236117241495
-15.973351,63.00518,0.4095464,0.0535957,via-185,1.77602727726829,465.012144518763
-4.0758309,63.465031,0.3260978,1.5529609,via-186,11.906403633008,476.918548151771
-4.0693107,68.900719,0.3886068,1.550457,via-187,5.43569191054386,482.354240062315
-8.9577951,70.59893,0.3542743,0.0891664,via-188,5.17505558709898,487.529295649414
-4.39422494558981,71.128435079765,0,-0.0469,via-189-shuttle03-open,4.59418634621196,492.123481995626
0.599734492106052,71.1055270089499,0,-0.0248,via-190-shuttle03-close,4.9940119788663,497.117493974492
2.37345700527196,68.2898134958526,0,-1.5708,via-191,3.32781221548793,500.44530618998
2.9278,60.6546,0,-1.5618,via-192-shuttle02-open,7.65531065882066,508.100616848801
3.1798,56.9251,0,-1.5613,via-193-shuttle02-close,3.73800404627925,511.83862089508
3.15462222006749,49.2394618059999,0,-3.1109,via-194,7.68567943448564,519.524300329566
-10.1483,48.855,0,-1.5698,via-195,13.3084766398502,532.832776969416
-10.0233,46.0216,0,-1.5535,via-196-shuttle01-open,2.83615594775745,535.668932917173
-9.7886,43.0238,0,-1.547,via-197-shuttle01-close,3.0069733836534,538.675906300827
-11.2039149576233,35.2855657036849,0,-2.46685171136625,via-198,7.86659942122,546.542505722046
-18.8105,31.2253,0,-1.5524,via-199,8.62240648493385,555.16491220698
-18.7479,26.8286,0,-0.0185,via-200,4.39714562528921,559.56205783227
-9.7052,26.2849,0,-1.5708,via-201,9.05903046578385,568.621088298054
-9.6611,22.125,0,-2.6455,via-202,4.16013375025371,572.781222048307
-14.4745,19.9965,0,-1.5708,via-203,5.2630154673913,578.044237515698
-13.9211,0.8104,-0.2801,0.0096,via-204,19.1940794197065,597.238316935405
5.6849623,0.8517954,-0.0915584,0.080237,via-2c-00,19.6061060001884,616.844422935593
5.7003031,-1.817854,-0.0259963,-1.5445398,via-2c-01,2.66969347661206,619.514116412205
6.6620169,-35.854801,-0.3034878,-3.1304672,via-2c-02,34.0505308991493,653.564647311355
3.8578386,-36.165478,-0.2427465,-1.520527,via-2c-03,2.82133587800529,656.38598318936
4.498529,-61.590263,-0.3089453,-3.0976398,via-2c-04,25.4328562392209,681.818839428581
-6.6961093,-62.176796,-0.0745478,-1.5795838,via-2c-05,11.2099932037408,693.028832632322
-6.943058,-64.984901,-0.0704494,-2.2967844,via-2c-06,2.81894259456567,695.847775226887
-8.096961,-67.036903,-0.0438402,-1.5532955,via-2c-07,2.35418868007919,698.201963906967
-7.2939,-102.3566,-0.0438402,-1.381,via-2c-07.5,35.3288253858168,733.530789292783
-6.8959,-104.4342,-0.6562,-1.5533628,via-2c-08,2.11537839641044,735.646167689194
-5.6398654,-105.40159,-0.2681195,-0.0013757,via-2c-09,1.58539153791647,737.23155922711
8.6727123,-105.91624,-0.4878957,-1.543375,via-2c-10,14.3218275733594,751.55338680047
10.3161,-127.819,-0.367378,-1.5666118,via-2c-11,21.9643260481653,773.517712848635
11.0441,-144.2775,-0.367378,-1.5666118,via-2c-11.1,16.4745927491395,789.992305597774
11.5141,-171.1165,-0.367378,-1.5666118,via-2c-12,26.8431149645491,816.835420562324
9.1965446,-177.55186,-0.367378,-1.5666118,via-2c-13,6.83995039175499,823.675370954079
9.5818,-184.6985,-0.0745,-1.5096,via-211,7.1570164882323,830.832387442311
13.0062,-184.47,-0.2800744,0.06318,ChargeIn-final,3.43201509466377,834.264402536975
